E000000,Born in 63 BC> who was the first Roman emperor?,AUGUSTUS (or OCTAVIAN)
E000001,At what battle in 31 BC did Octavian defeat Antony and Cleopatra?,ACTIUM
E000002,Who was the second emperor of Rome?,TIBERIUS
E000003,Which emperor retreated to the island of Capri for the last decade of his reign?,TIBERIUS
E000004,Who was the powerful Praetorian Prefect executed by Tiberius in 31 AD?,SEJANUS
E000005,What was the childhood nickname of the emperor Gaius?,CALIGULA ("Little Boots")
E000006,Who was Caligula’s favorite sister> whom he deified?,DRUSILLA
E000007,Which emperor was found hiding behind a curtain after Caligula’s murder?,CLAUDIUS
E000008,Which wife of Claudius was executed for conspiring against him?,MESSALINA
E000009,Who was the mother of the emperor Nero?,AGRIPPINA THE YOUNGER
E000010,In what year did the Great Fire of Rome occur under Nero?,64 AD
E000011,What vast palace complex did Nero build after the Great Fire?,DOMUS AUREA (GOLDEN HOUSE)
E000012,Who was Nero’s tutor and advisor> whom he forced to commit suicide?,SENECA
E000013,Which general led the revolt against Nero in Gaul?,VINDEX
E000014,Who was the first emperor of the Year of the Four Emperors?,GALBA
E000015,Who defeated Otho at the First Battle of Bedriacum?,VITELLIUS
E000016,Which emperor was famous for his gluttony and was killed on the Gemonian Stairs?,VITELLIUS
E000017,Who founded the Flavian dynasty?,VESPASIAN
E000018,Which Jewish fortress fell to the Romans in 73 or 74 AD?,MASADA
E000019,Who was the eldest son of Vespasian?,TITUS
E000020,Which emperor completed the Colosseum?,TITUS
E000021,Which volcano erupted during the reign of Titus?,MOUNT VESUVIUS
E000022,Who was the brother of Titus who succeeded him?,DOMITIAN
E000023,What title> meaning "Lord and God>" did Domitian demand?,DOMINUS ET DEUS
E000024,Who assassinated Domitian in 96 AD?,STEPHANUS
E000025,Who was the first of the "Five Good Emperors"?,NERVA
E000026,Who did Nerva adopt as his successor?,TRAJAN
E000027,Where was Trajan born?,ITALICA (Spain)
E000028,Which region north of the Danube did Trajan conquer?,DACIA
E000029,What monument in Rome commemorates Trajan's Dacian wars?,TRAJAN'S COLUMN
E000030,Who was Trajan's wife?,PLOTINA
E000031,At which city in Cilicia did Trajan die?,SELINUS
E000032,Which emperor succeeded Trajan?,HADRIAN
E000033,Who was Hadrian's beloved Greek youth who drowned in the Nile?,ANTINOUS
E000034,What defensive structure did Hadrian build in northern Britain?,HADRIAN'S WALL
E000035,Where did Hadrian build his massive villa complex?,TIVOLI
E000036,Who was Hadrian's wife?,SABINA
E000037,Which emperor was known as "Pius"?,ANTONINUS PIUS
E000038,Who was the wife of Antoninus Pius?,FAUSTINA THE ELDER
E000039,What wall was built in Scotland during the reign of Antoninus Pius?,ANTONINE WALL
E000040,Which philosopher-emperor wrote the Meditations?,MARCUS AURELIUS
E000041,Who was the co-emperor of Marcus Aurelius until 169 AD?,LUCIUS VERUS
E000042,Who was the wife of Marcus Aurelius?,FAUSTINA THE YOUNGER
E000043,During which wars did Marcus Aurelius die?,MARCOMANNIC WARS
E000044,Where did Marcus Aurelius die in 180 AD?,VINDOBONA (Vienna) or SIRMIUM
E000045,Who was the son and successor of Marcus Aurelius?,COMMODUS
E000046,Which emperor enjoyed fighting as a gladiator?,COMMODUS
E000047,Who was the mistress who helped assassinate Commodus?,MARCIA
E000048,Which wrestler strangled Commodus?,NARCISSUS
E000049,Which emperor reigned for only 87 days after Commodus?,PERTINAX
E000050,Who bought the empire at an auction in 193 AD?,DIDIUS JULIANUS
E000051,Who defeated Didius Julianus and founded the Severan dynasty?,SEPTIMIUS SEVERUS
E000052,Where was Septimius Severus born?,LEPTIS MAGNA
E000053,Who was the powerful Syrian wife of Septimius Severus?,JULIA DOMNA
E000054,Which rival did Severus defeat at the Battle of Issus?,PESCENNIUS NIGER
E000055,Which rival did Severus defeat at the Battle of Lugdunum?,CLODIUS ALBINUS
E000056,Where did Septimius Severus die in 211 AD?,EBORACUM (York)
E000057,Who were the two sons of Septimius Severus?,CARACALLA AND GETA
E000058,Which emperor murdered his brother Geta?,CARACALLA
E000059,What famous building project did Caracalla construct in Rome?,BATHS OF CARACALLA
E000060,In what year did Caracalla grant citizenship to all free inhabitants of the empire?,212 AD
E000061,Who assassinated Caracalla?,MACRINUS
E000062,Who was the first equestrian emperor?,MACRINUS
E000063,At what battle was Macrinus defeated by the forces of Elagabalus?,ANTIOCH
E000064,Who was the grandmother of Elagabalus and Alexander Severus?,JULIA MAESA
E000065,Which emperor was a priest of the sun god El-Gabal?,ELAGABALUS
E000066,Who was the mother of Elagabalus?,JULIA SOAEMIAS
E000067,Who succeeded Elagabalus?,ALEXANDER SEVERUS
E000068,Who was the dominating mother of Alexander Severus?,JULIA MAMAEA
E000069,Which famous jurist served as Praetorian Prefect under Alexander Severus?,ULPIAN
E000070,Who led the coup that killed Alexander Severus?,MAXIMINUS THRAX
E000071,Which year is known as the Year of the Six Emperors?,238 AD
E000072,Who were the two elderly emperors elected by the Senate in 238 AD?,PUPIENUS AND BALBINUS
E000073,Which teenage emperor succeeded Pupienus and Balbinus?,GORDIAN III
E000074,Who was the Praetorian Prefect and father-in-law of Gordian III?,TIMESITHEUS
E000075,Which emperor celebrated the 1000th anniversary of Rome?,PHILIP THE ARAB
E000076,Who defeated Philip the Arab at the Battle of Verona?,DECIUS
E000077,Which emperor was the first to die in battle against a foreign enemy?,DECIUS
E000078,At what battle was Decius killed by the Goths?,ABRITTUS
E000079,Who captured the Emperor Valerian?,SHAPUR I
E000080,Who was the son of Valerian who ruled alone after his capture?,GALLIENUS
E000081,Which breakaway empire formed in Gaul under Postumus?,GALLIC EMPIRE
E000082,Who was the queen of the Palmyrene Empire?,ZENOBIA
E000083,Which emperor defeated Zenobia and Tetricus?,AURELIAN
E000084,What title was given to Aurelian for reuniting the empire?,RESTITUTOR ORBIS
E000085,Which emperor built a new wall around Rome?,AURELIAN
E000086,Who was the secretary who plotted Aurelian's assassination?,EROS
E000087,Which elderly senator succeeded Aurelian?,TACITUS
E000088,Which emperor was killed by a lightning bolt?,CARUS
E000089,Who were the two sons of Carus?,CARINUS AND NUMERIAN
E000090,Who killed Numerian and was later killed by Diocletian?,APER
E000091,Who established the Tetrarchy?,DIOCLETIAN
E000092,Who was Diocletian's co-Augustus?,MAXIMIAN
E000093,What city was Diocletian's capital?,NICOMEDIA
E000094,Who were the first two Caesars of the Tetrarchy?,GALERIUS AND CONSTANTIUS CHLORUS
E000095,Where did Diocletian retire to?,SALONA (Split)
E000096,Which British usurper declared himself emperor in 286 AD?,CARAUSIUS
E000097,Who succeeded Constantius Chlorus in 306 AD?,CONSTANTINE (THE GREAT)
E000098,At what battle did Constantine defeat Maxentius?,MILVIAN BRIDGE
E000099,In what year was the Battle of the Milvian Bridge?,312 AD
E000100,Who was the wife of Constantine and daughter of Maximian?,FAUSTA
E000101,Who was Constantine's eldest son> whom he executed?,CRISPUS
E000102,Which emperor issued the Edict of Milan?,CONSTANTINE
E000103,What new capital did Constantine dedicate in 330 AD?,CONSTANTINOPLE
E000104,Which council did Constantine convene in 325 AD?,NICAEA
E000105,Who were the three sons of Constantine who succeeded him?,CONSTANTINE II> CONSTANTIUS II> CONSTANS
E000106,Which usurper killed Constans?,MAGNENTIUS
E000107,At what battle did Constantius II defeat Magnentius?,MURSA
E000108,Who was the cousin of Constantius II known as "The Apostate"?,JULIAN
E000109,At what battle did Julian defeat the Alemanni in 357 AD?,ARGENTORATUM (Strasbourg)
E000110,How did Julian the Apostate die?,IN BATTLE (against Persia)
E000111,Who succeeded Julian?,JOVIAN
E000112,What humiliating concession did Jovian make to Persia?,SURRENDER OF NISIBIS
E000113,Who succeeded Jovian and ruled the West?,VALENTINIAN I
E000114,Who was the brother of Valentinian I who ruled the East?,VALENS
E000115,Where did Valentinian I die of a stroke?,BRIGETIO
E000116,At what battle was Valens killed by the Goths?,ADRIANOPLE
E000117,In what year was the Battle of Adrianople?,378 AD
E000118,Who succeeded Valens in the East?,THEODOSIUS I (THE GREAT)
E000119,Which bishop of Milan forced Theodosius to do penance?,AMBROSE
E000120,Who was the usurper defeated by Theodosius at the Battle of the Frigidus?,EUGENIUS
E000121,Who was the Frankish general supporting Eugenius?,ARBOGAST
E000122,Which emperor banned pagan worship in 391 AD?,THEODOSIUS I
E000123,Who were the two sons of Theodosius who divided the empire in 395 AD?,ARCADIUS AND HONORIUS
E000124,Who was the Vandal general who served as regent for Honorius?,STILICHO
E000125,Who was the Visigothic king who sacked Rome in 410 AD?,ALARIC
E000126,Who was the sister of Honorius captured by the Goths?,GALLA PLACIDIA
E000127,Which general was known as the "Last of the Romans"?,AETIUS
E000128,Who was the Hunnic king known as the "Scourge of God"?,ATTILA
E000129,At what battle did Aetius defeat Attila in 451 AD?,CATALAUNIAN PLAINS (CHALONS)
E000130,Who sacked Rome in 455 AD?,VANDALS (under Genseric)
E000131,Who was the powerful Suebi general who made and unmade emperors in the West?,RICIMER
E000132,Who was the last Western Roman Emperor?,ROMULUS AUGUSTULUS
E000133,Who deposed Romulus Augustulus?,ODOACER
E000134,In what year did the Western Empire fall?,476 AD
E000135,Who was the uncle of Justinian I?,JUSTIN I
E000136,Who was Justinian's famous empress?,THEODORA
E000137,Which general reconquered Africa and Italy for Justinian?,BELISARIUS
E000138,Which Vandal king did Belisarius defeat?,GELIMER
E000139,Which Gothic king retook Rome and was defeated by Narses?,TOTILA
E000140,At what battle did Narses defeat Totila?,TAGINAE (BUSTA GALLORUM)
E000141,What great church did Justinian build in Constantinople?,HAGIA SOPHIA
E000142,What legal code was compiled under Justinian?,CORPUS JURIS CIVILIS
E000143,Who was the mother of Tiberius?,LIVIA
E000144,What was the praenomen of Vespasian?,TITUS (Flavius Vespasianus)
E000145,Who was the first wife of Augustus?,CLODIA PULCHRA
E000146,Who was the second wife of Augustus?,SCRIBONIA
E000147,Who was the only child of Augustus?,JULIA
E000148,Who was the husband of Julia and general of Augustus?,AGRIPPA
E000149,Who were the two grandsons of Augustus adopted as heirs?,GAIUS AND LUCIUS CAESAR
E000150,Who was the third grandson of Augustus> later exiled?,AGRIPPA POSTUMUS
E000151,What was the relationship between Claudius and Germanicus?,BROTHERS
E000152,Who was the father of Caligula?,GERMANICUS
E000153,Who was the mother of Caligula?,AGRIPPINA THE ELDER
E000154,Where did Tiberius die?,MISENUM
E000155,Who was the Prefect of the Praetorian Guard under Nero?,BURRUS
E000156,Who was Nero's first wife?,OCTAVIA
E000157,Who was the freedwoman mistress of Nero?,ACTE
E000158,What was the name of Nero's second wife?,POPPAEA SABINA
E000159,Who assassinated Galba?,OTHO'S SOLDIERS
E000160,Where did Otho commit suicide?,BRIXELLUM
E000161,Who was the brother of Vespasian who was killed in Rome?,SABINUS
E000162,What tax is Vespasian famous for implementing?,URINE TAX
E000163,Who was the wife of Domitian?,DOMITIA LONGINA
E000164,Who was the Dacian king defeated by Trajan?,DECEBALUS
E000165,Who was the wife of Hadrian?,SABINA
E000166,What city did Hadrian found in Egypt?,ANTINOOPOLIS
E000167,Who was the father of Marcus Aurelius?,ANNIUS VERUS
E000168,How many children did Marcus Aurelius and Faustina have?,AT LEAST 13 (or 14)
E000169,Who was the sister of Commodus involved in a plot against him?,LUCILLA
E000170,Who was the Prefect who succeeded Laetus under Severus?,PLAUTIANUS
E000171,Who was the wife of Plautianus?,(Not famous> but his daughter PLAUTILLA married Caracalla)
E000172,Who was the first wife of Caracalla?,PLAUTILLA
E000173,Who was the mother of Geta?,JULIA DOMNA
E000174,What city was the capital of the Gallic Empire?,COLOGNE (or TREVES)
E000175,Who succeeded Postumus in the Gallic Empire?,MARIUS (or VICTORINUS)
E000176,Who was the father of Constantine the Great?,CONSTANTIUS CHLORUS
E000177,Who was the mother of Constantine the Great?,HELENA
E000178,Who was the wife of Licinius?,CONSTANTIA
E000179,Who was the half-brother of Constantine executed by him?,(None> he executed his son Crispus)
E000180,Who was the father of Julian the Apostate?,JULIUS CONSTANTIUS
E000181,Who was the brother of Julian the Apostate?,GALLUS
E000182,Where was Julian born?,CONSTANTINOPLE
E000183,Who was the wife of Julian?,HELENA (sister of Constantius II)
E000184,Who was the Praetorian Prefect of the East under Arcadius?,RUFINUS
E000185,Who was the eunuch chamberlain of Arcadius?,EUTROPIUS
E000186,Who was the wife of Arcadius?,EUDOXIA
E000187,Who was the wife of Honorius?,MARIA (or THERMANTIA)
E000188,Who was the son of Galla Placidia?,VALENTINIAN III
E000189,Who was the daughter of Theodosius II?,EUDOXIA (married Val III)
E000190,Who was the sister of Theodosius II who ruled as regent?,PULCHERIA
E000191,Who was the husband of Pulcheria?,MARCIAN
E000192,Who was the Vandal king who conquered Africa?,GENSERIC
E000193,Who was the Roman governor who invited the Vandals into Africa?,BONIFACIUS
E000194,Who was the general who defeated the Burgundians?,AETIUS
E000195,Who was the Emperor of the West killed by Ricimer in 461?,MAJORIAN
E000196,Who was the puppet emperor placed on the throne by Ricimer in 461?,LIBIUS SEVERUS
E000197,Who was the Eastern Emperor who sent Anthemius to the West?,LEO I
E000198,Who was the father of Romulus Augustulus?,ORESTES
E000199,Where was Romulus Augustulus exiled?,CAMPANIA (Castellum Lucullanum)
E000200,Who was the Ostrogothic king who conquered Italy from Odoacer?,THEODORIC
E000201,Who was the daughter of Theodoric?,AMALASUNTHA
E000202,Who was the husband of Theodora?,JUSTINIAN
E000203,Who was the nephew of Justinian who succeeded him?,JUSTIN II
E000204,What Persian king was the rival of Justinian?,KHOSRAU I (CHOSROES)
E000205,Who was the general who replaced Belisarius in Italy?,NARSES
E000206,Who was the historian of Justinian's wars?,PROCOPIUS
E000207,What secret history did Procopius write?,THE ANECDOTA
E000208,Who was the bishop of Rome during the time of Attila?,LEO I (THE GREAT)
E000209,Which emperor was known as "The Thracian"?,MAXIMINUS
E000210,Which emperor was known as "The Arab"?,PHILIP
E000211,Which emperor was known as "The Gothicus"?,CLAUDIUS II
E000212,Which emperor was known as "The Apostate"?,JULIAN
E000213,What was the cognomen of the emperor Galba?,SERVIUS SULPICIUS
E000214,What was the cognomen of the emperor Otho?,SALVIUS
E000215,What was the cognomen of the emperor Vitellius?,AULUS
E000216,What was the praenomen of Nerva?,MARCUS COCCEIUS
E000217,What was the full name of Trajan?,MARCUS ULPIUS TRAIANUS
E000218,What was the full name of Hadrian?,PUBLIUS AELIUS HADRIANUS
E000219,What was the full name of Antoninus Pius?,TITUS AURELIUS FULVUS BOIONIUS ARRIUS ANTONINUS
E000220,What was the full name of Marcus Aurelius?,MARCUS AURELIUS ANTONINUS
E000221,What was the full name of Commodus?,LUCIUS AURELIUS COMMODUS
E000222,What was the original name of Caracalla?,BASSIANUS (later M. Aurelius Antoninus)
E000223,What was the original name of Elagabalus?,VARIUS AVITUS BASSIANUS
E000224,What was the original name of Alexander Severus?,BASSIANUS ALEXIANUS
E000225,What was the name of the usurper in Britain under Septimius Severus?,CLODIUS ALBINUS
E000226,What was the name of the usurper in Syria under Septimius Severus?,PESCENNIUS NIGER
E000227,Who was the father-in-law of Diocletian?,(None> he was the senior)
E000228,Who was the son-in-law of Diocletian?,GALERIUS
E000229,Who was the son-in-law of Maximian?,CONSTANTINE
E000230,Who was the wife of Maximian?,EUTROPIA
E000231,Who was the mother of Maxentius?,EUTROPIA
E000232,Who was the father of Maxentius?,MAXIMIAN
E000233,Who was the mother of Fausta?,EUTROPIA
E000234,Who was the father of Fausta?,MAXIMIAN
E000235,Who was the wife of Constantius Chlorus (mother of Constantine)?,HELENA
E000236,Who was the second wife of Constantius Chlorus?,THEODORA
E000237,Who was the father of Julian the Apostate?,JULIUS CONSTANTIUS
E000238,Who was the mother of Julian the Apostate?,BASILINA
E000239,Who was the tutor of Julian?,MARDONIUS (or EUSEBIUS)
E000240,Who was the wife of Valens?,DOMINICA
E000241,Who was the wife of Theodosius I?,AELIA FLACCILLA
E000242,Who was the second wife of Theodosius I?,GALLA
E000243,Who was the father of Galla?,VALENTINIAN I
E000244,Who was the mother of Galla?,JUSTINA
E000245,Who was the mother of Valentinian II?,JUSTINA
E000246,Who was the father of Gratian?,VALENTINIAN I
E000247,Who was the mother of Gratian?,MARINA SEVERA
E000248,Who was the wife of Honorius?,MARIA
E000249,Who was the father of Maria (wife of Honorius)?,STILICHO
E000250,Who was the mother of Maria?,SERENA
E000251,Who was the father of Serena?,(Adopted by Theodosius> niece)
E000252,Who was the husband of Galla Placidia (first)?,ATAULF
E000253,Who was the husband of Galla Placidia (second)?,CONSTANTIUS III
E000254,Who was the brother of Galla Placidia?,HONORIUS
E000255,Who was the son of Galla Placidia?,VALENTINIAN III
E000256,Who was the daughter of Galla Placidia?,HONORIA
E000257,Who did Honoria ask to rescue her?,ATTILA
E000258,Who was the wife of Valentinian III?,LICINIA EUDOXIA
E000259,Who was the father of Licinia Eudoxia?,THEODOSIUS II
E000260,Who was the mother of Licinia Eudoxia?,EUDOXIA
E000261,Who killed Valentinian III?,OPTILA AND THRAUSTILA (followers of Aetius)
E000262,Who succeeded Valentinian III?,PETRONIUS MAXIMUS
E000263,Who was the wife of Petronius Maximus (forced)?,LICINIA EUDOXIA
E000264,Who killed Petronius Maximus?,THE MOB (during Vandal sack)
E000265,Who succeeded Petronius Maximus?,AVITUS
E000266,Who deposed Avitus?,RICIMER
E000267,Who succeeded Avitus?,MAJORIAN
E000268,Who deposed Majorian?,RICIMER
E000269,Who succeeded Majorian?,LIBIUS SEVERUS
E000270,Who succeeded Libius Severus?,ANTHEMIUS
E000271,Who was the father-in-law of Anthemius?,MARCIAN
E000272,Who killed Anthemius?,RICIMER
E000273,Who succeeded Anthemius?,OLYBRIUS
E000274,Who was the wife of Olybrius?,PLACIDIA (daughter of Val III)
E000275,Who succeeded Olybrius?,GLYCERIUS
E000276,Who deposed Glycerius?,JULIUS NEPOS
E000277,Who deposed Julius Nepos?,ORESTES
E000278,Who was the son of Orestes?,ROMULUS AUGUSTULUS
E000279,Where was Julius Nepos killed?,DALMATIA (Salona)
E000280,Who was the last de jure Western Emperor?,JULIUS NEPOS
E000281,Who was the king of the Visigoths at Adrianople?,FRITIGERN
E000282,Who was the king of the Visigoths at Chalons?,THEODORIC I
E000283,Who was the king of the Visigoths who sacked Rome?,ALARIC
E000284,Who was the king of the Vandals who sacked Rome?,GENSERIC
E000285,Who was the king of the Huns at Chalons?,ATTILA
E000286,Who was the brother of Attila?,BLEDA
E000287,Who was the Roman general at Chalons?,AETIUS
E000288,Who was the Roman general at Adrianople?,(Valens himself)
E000289,Who was the Roman general at Strasbourg?,JULIAN
E000290,Who was the Roman general at the Frigidus?,THEODOSIUS I
E000291,Who was the Roman general who defeated the Goths under Claudius II?,CLAUDIUS II
E000292,Who was the Roman general who reconquered Britain for Severus?,(Severus himself)
E000293,Who was the Roman general who defeated Boudicca?,SUETONIUS PAULINUS
E000294,Who was the Roman general who conquered Wales?,AGRICOLA
E000295,Who was the Roman general who defeated Tacfarinas?,DOLABELLA
E000296,Who was the Roman general who defeated Jugurtha?,MARIUS
E000297,Who was the Roman general who defeated Mithridates?,POMPEY (or SULLA/LUCULLUS)
E000298,Who was the Roman general who defeated Spartacus?,CRASSUS
E000299,Who was the Roman general who defeated Vercingetorix?,JULIUS CAESAR
E000300,Who was the Roman general who defeated Antony?,AGRIPPA
E000301,Who was the Roman general who defeated Varus?,ARMINIUS (German)
E000302,Who was the Roman general who avenged Varus?,GERMANICUS
E000303,Who was the Roman general who defeated Sacrovir?,SILIUS
E000304,Who was the Roman general who defeated Civilis?,CERIALIS
E000305,Who was the Roman general who captured Jerusalem?,TITUS
E000306,Who was the Roman general who captured Masada?,SILVA
E000307,Who was the Roman general who defeated Decebalus?,TRAJAN
E000308,Who was the Roman general who defeated Bar Kokhba?,JULIUS SEVERUS
E000309,Who was the Roman general who defeated Pescennius Niger?,SEVERUS
E000310,Who was the Roman general who defeated Albinus?,SEVERUS
E000311,Who was the Roman general who defeated Macrinus?,GANNYS (for Elagabalus)
E000312,Who was the Roman general who defeated Maximinus Thrax?,(Killed by own troops)
E000313,Who was the Roman general who defeated Philip the Arab?,DECIUS
E000314,Who was the Roman general who defeated Decius?,CNIVA (Goth)
E000315,Who was the Roman general who defeated Valerian?,SHAPUR I (Persian)
E000316,Who was the Roman general who defeated Zenobia?,AURELIAN
E000317,Who was the Roman general who defeated Tetricus?,AURELIAN
E000318,Who was the Roman general who defeated Carinus?,DIOCLETIAN
E000319,Who was the Roman general who defeated Maxentius?,CONSTANTINE
E000320,Who was the Roman general who defeated Licinius?,CONSTANTINE
E000321,Who was the Roman general who defeated Magnentius?,CONSTANTIUS II
E000322,Who was the Roman general who defeated Vetranio?,CONSTANTIUS II
E000323,Who was the Roman general who defeated Silvanus?,URSICINUS
E000324,Who was the Roman general who defeated Procopius?,VALENS
E000325,Who was the Roman general who defeated Maximus?,THEODOSIUS I
E000326,Who was the Roman general who defeated Eugenius?,THEODOSIUS I
E000327,Who was the Roman general who defeated Gildo?,MASCEZEL
E000328,Who was the Roman general who defeated Alaric (initially)?,STILICHO
E000329,Who was the Roman general who defeated Radagaisus?,STILICHO
E000330,Who was the Roman general who defeated Constantine III?,CONSTANTIUS III
E000331,Who was the Roman general who defeated Jovinus?,ATAULF (Goth ally)
E000332,Who was the Roman general who defeated Attila?,AETIUS
E000333,Who was the Roman general who defeated the Vandals?,BELISARIUS
E000334,Who was the Roman general who defeated the Ostrogoths?,NARSES
E000335,Who was the Roman general who defeated the Persians (Heraclius)?,HERACLIUS
E000336,What year was the battle of Actium?,31 BC
E000337,What year was the battle of Teutoburg Forest?,9 AD
E000338,What year was the death of Augustus?,14 AD
E000339,What year was the death of Tiberius?,37 AD
E000340,What year was the death of Caligula?,41 AD
E000341,What year was the death of Claudius?,54 AD
E000342,What year was the death of Nero?,68 AD
E000343,What year was the Year of the Four Emperors?,69 AD
E000344,What year was the destruction of Jerusalem?,70 AD
E000345,What year was the eruption of Vesuvius?,79 AD
E000346,What year was the death of Domitian?,96 AD
E000347,What year was the death of Trajan?,117 AD
E000348,What year was the death of Hadrian?,138 AD
E000349,What year was the death of Antoninus Pius?,161 AD
E000350,What year was the death of Marcus Aurelius?,180 AD
E000351,What year was the death of Commodus?,192 AD
E000352,What year was the Year of the Five Emperors?,193 AD
E000353,What year was the death of Septimius Severus?,211 AD
E000354,What year was the Edict of Caracalla?,212 AD
E000355,What year was the death of Caracalla?,217 AD
E000356,What year was the death of Elagabalus?,222 AD
E000357,What year was the death of Alexander Severus?,235 AD
E000358,What year was the Year of the Six Emperors?,238 AD
E000359,What year was the death of Gordian III?,244 AD
E000360,What year was the Millennial Games?,248 AD
E000361,What year was the death of Decius?,251 AD
E000362,What year was the capture of Valerian?,260 AD
E000363,What year was the death of Gallienus?,268 AD
E000364,What year was the death of Aurelian?,275 AD
E000365,What year was the accession of Diocletian?,284 AD
E000366,What year was the abdication of Diocletian?,305 AD
E000367,What year was the death of Constantius Chlorus?,306 AD
E000368,What year was the Battle of the Milvian Bridge?,312 AD
E000369,What year was the Edict of Milan?,313 AD
E000370,What year was the Council of Nicaea?,325 AD
E000371,What year was the dedication of Constantinople?,330 AD
E000372,What year was the death of Constantine?,337 AD
E000373,What year was the death of Constantius II?,361 AD
E000374,What year was the death of Julian?,363 AD
E000375,What year was the Battle of Adrianople?,378 AD
E000376,What year was the death of Theodosius I?,395 AD
E000377,What year was the sack of Rome by Alaric?,410 AD
E000378,What year was the Battle of Chalons?,451 AD
E000379,What year was the sack of Rome by Genseric?,455 AD
E000380,What year was the fall of the Western Empire?,476 AD
E000381,What year was the death of Justinian?,565 AD
E000382,What city was the capital of the East?,CONSTANTINOPLE
E000383,What city was the capital of the West (under Honorius)?,RAVENNA
E000384,What city was the capital of the West (under Diocletian)?,MILAN (Mediolanum)
E000385,What city was the capital of the East (under Diocletian)?,NICOMEDIA
E000386,What city was the capital of the Tetrarch Constantius?,TREVES (Trier)
E000387,What city was the capital of the Tetrarch Galerius?,SIRMIUM (or THESSALONICA)
E000388,What city was the birthplace of Septimius Severus?,LEPTIS MAGNA
E000389,What city was the birthplace of Trajan?,ITALICA
E000390,What city was the birthplace of Hadrian?,ITALICA
E000391,What city was the birthplace of Theodosius I?,CAUCA (Spain)
E000392,What city was the birthplace of Constantine?,NAISSUS
E000393,What city was the birthplace of Diocletian?,SALONA (near)
E000394,What city was the birthplace of Aurelian?,SIRMIUM (or DACIA)
E000395,What city was the birthplace of Probus?,SIRMIUM
E000396,What city was the birthplace of Claudius Gothicus?,SIRMIUM (or ILLYRICUM)
E000397,What city was the birthplace of Caracalla?,LUGDUNUM (Lyon)
E000398,What city was the birthplace of Claudius?,LUGDUNUM (Lyon)
E000399,What city was the birthplace of Germanicus?,ROME
E000400,What city was the birthplace of Nero?,ANTIUM
E000401,What city was the birthplace of Titus?,ROME
E000402,What city was the birthplace of Domitian?,ROME
E000403,What city was the birthplace of Antoninus Pius?,LANUVIUM
E000404,What city was the birthplace of Marcus Aurelius?,ROME
E000405,What city was the birthplace of Commodus?,LANUVIUM
E000406,What city was the birthplace of Elagabalus?,EMESA (or ROME> raised there)
E000407,What city was the birthplace of Alexander Severus?,ARCA CAESAREA
E000408,What city was the birthplace of Maximinus Thrax?,THRACE (Village)
E000409,What city was the birthplace of Philip the Arab?,PHILIPPOPOLIS (Syria)
E000410,What city was the birthplace of Honorius?,CONSTANTINOPLE
E000411,What city was the birthplace of Arcadius?,SPAIN
E000412,Who was the wife of Constantius II?,EUSEBIA (or FAUSTINA)
E000413,Who was the wife of Valens?,DOMINICA
E000414,Who was the wife of Gratian?,CONSTANTIA
E000415,Who was the wife of Valentinian I (first)?,SEVERA
E000416,Who was the wife of Valentinian I (second)?,JUSTINA
E000417,Who was the wife of Theodosius II?,EUDOCIA (Athenais)
E000418,Who was the wife of Justinian?,THEODORA
E000419,Who was the wife of Justin II?,SOPHIA
E000420,Who was the wife of Heraclius?,MARTINA (niece)
E000421,Who was the wife of Leo I?,VERINA
E000422,Who was the wife of Zeno?,ARIADNE
E000423,Who was the wife of Anastasius?,ARIADNE
E000424,Who was the wife of Belisarius?,ANTONINA
E000425,Who was the daughter of Belisarius?,JOANNINA
E000426,Who was the king of the Persians who defeated Julian?,SHAPUR II
E000427,Who was the king of the Persians who defeated Valerian?,SHAPUR I
E000428,Who was the king of the Persians who fought Heraclius?,KHOSRAU II
E000429,Who was the king of the Persians who fought Justinian?,KHOSRAU I
E000430,Who was the king of the Persians who fought Alexander Severus?,ARDASHIR I
E000431,Who was the king of the Parthians who fought Trajan?,OSROES I
E000432,Who was the king of the Parthians who fought Crassus?,ORODES II
E000433,Who was the king of the Armenians deposed by Trajan?,PARTHAMASIRIS
E000434,Who was the king of the Dacians?,DECEBALUS
E000435,Who was the queen of the Iceni?,BOUDICCA
E000436,Who was the leader of the Cherusci?,ARMINIUS
E000437,Who was the leader of the Batavians?,CIVILIS
E000438,Who was the leader of the Gauls (Vindex's revolt)?,VINDEX
E000439,Who was the leader of the Jews (Bar Kokhba)?,SIMON BAR KOKHBA
E000440,Who was the leader of the Palmyrenes?,ZENOBIA
E000441,Who was the leader of the Gallic Empire (first)?,POSTUMUS
E000442,Who was the leader of the Gallic Empire (last)?,TETRICUS
E000443,Who was the leader of the Bagaudae?,(Peasant rebels)
E000444,Who was the leader of the Goths at Adrianople?,FRITIGERN
E000445,Who was the leader of the Huns at Chalons?,ATTILA
E000446,Who was the leader of the Vandals in Africa?,GENSERIC
E000447,Who was the leader of the Ostrogoths in Italy (first)?,THEODORIC
E000448,Who was the leader of the Ostrogoths in Italy (Totila)?,TOTILA
E000449,Who was the leader of the Ostrogoths in Italy (Teias)?,TEIAS
E000450,Who was the leader of the Franks (first Christian)?,CLOVIS
E000451,Who was the leader of the Visigoths (sack of Rome)?,ALARIC
E000452,Who was the leader of the Visigoths (Wallia)?,WALLIA
E000453,Who was the leader of the Burgundians?,GUNDAHAR
E000454,Who was the leader of the Heruli?,ODOACER
E000455,Who was the leader of the Sassanids (founder)?,ARDASHIR
E000456,Who was the leader of the Alemanni (Julian's foe)?,CHNODOMAR
E000457,Who was the usurper against Constantius II (Gaul)?,MAGNENTIUS
E000458,Who was the usurper against Constantius II (Illyricum)?,VETRANIO
E000459,Who was the usurper against Constantius II (Cologne)?,SILVANUS
E000460,Who was the usurper against Theodosius I (Britain)?,MAGNUS MAXIMUS
E000461,Who was the usurper against Theodosius I (Gaul)?,EUGENIUS
E000462,Who was the usurper against Honorius (Britain)?,CONSTANTINE III
E000463,Who was the usurper against Honorius (Rome)?,PRISCUS ATTALUS
E000464,Who was the usurper against Valentinian III?,(None major> Aetius suppressed)
E000465,Who was the usurper against Zeno?,BASILISCUS
E000466,Who was the usurper against Anastasius?,VITALIAN
E000467,Who was the usurper against Maurice?,PHOCAS
E000468,Who was the usurper against Phocas?,HERACLIUS
E000469,Who was the usurper against Gallienus (East)?,MACRIANUS
E000470,Who was the usurper against Gallienus (West)?,POSTUMUS
E000471,Who was the usurper against Aurelian (Mint workers)?,FELICISSIMUS
E000472,Who was the usurper against Probus?,PROCULUS / BONOSUS / SATURNINUS
E000473,Who was the usurper against Diocletian (Egypt)?,DOMITIUS DOMITIANUS
E000474,Who was the usurper against Diocletian (Britain)?,CARAUSIUS
E000475,Who was the usurper against Maximinus Thrax?,GORDIAN I & II
E000476,Who was the usurper against Philip the Arab?,DECIUS (technically)
E000477,Who was the usurper against Decius?,JULIUS VALENS LICINIANUS
E000478,Who was the usurper against Gallus?,AEMILIANUS
E000479,What building did Agrippa build in the Campus Martius?,PANTHEON
E000480,What building did Hadrian rebuild in the Campus Martius?,PANTHEON
E000481,What building did Vespasian begin?,COLOSSEUM
E000482,What building did Titus finish?,COLOSSEUM
E000483,What building did Domitian build for stadium games?,STADIUM OF DOMITIAN (Piazza Navona)
E000484,What building did Trajan build to clear the Quirinal?,TRAJAN'S FORUM / MARKET
E000485,What building did Caracalla build for leisure?,BATHS OF CARACALLA
E000486,What building did Diocletian build for leisure?,BATHS OF DIOCLETIAN
E000487,What building did Nero build to connect Palatine and Esquiline?,DOMUS AUREA
E000488,What building did Augustus build for his family tomb?,MAUSOLEUM OF AUGUSTUS
E000489,What building did Hadrian build for his family tomb?,MAUSOLEUM OF HADRIAN (Castel Sant'Angelo)
E000490,What building did Maxentius build in the Forum?,BASILICA OF MAXENTIUS (completed by Constantine)
E000491,What building did Constantine build over Peter's tomb?,OLD ST. PETER'S BASILICA
E000492,What building did Justinian build for Wisdom?,HAGIA SOPHIA
E000493,What building did Severus build at the corner of the Forum?,ARCH OF SEPTIMIUS SEVERUS
E000494,What building did Titus build to commemorate Judea?,ARCH OF TITUS
E000495,What building did Constantine build to commemorate Milvian Bridge?,ARCH OF CONSTANTINE
E000496,What building did Trajan build to commemorate Dacia?,TRAJAN'S COLUMN
E000497,What building did Marcus Aurelius build to commemorate Marcomanni?,COLUMN OF MARCUS AURELIUS
E000498,What river was the northern border of the empire (West)?,RHINE
E000499,What river was the northern border of the empire (East)?,DANUBE
E000500,What river was the eastern border of the empire?,EUPHRATES
E000501,What province was Dacia?,ROMANIA (Transylvania)
E000502,What province was Lusitania?,PORTUGAL
E000503,What province was Baetica?,SPAIN (South)
E000504,What province was Tarraconensis?,SPAIN (North/East)
E000505,What province was Gallia Narbonensis?,FRANCE (South)
E000506,What province was Gallia Lugdunensis?,FRANCE (Central)
E000507,What province was Gallia Belgica?,BELGIUM/FRANCE (North)
E000508,What province was Aquitania?,FRANCE (West)
E000509,What province was Britannia?,BRITAIN
E000510,What province was Aegyptus?,EGYPT
E000511,What province was Judea?,ISRAEL/PALESTINE
E000512,What province was Syria?,SYRIA
E000513,What province was Cappadocia?,TURKEY (Central)
E000514,What province was Asia?,TURKEY (West)
E000515,What province was Bithynia?,TURKEY (North)
E000516,What province was Pontus?,TURKEY (North East)
E000517,What province was Galatia?,TURKEY (Central)
E000518,What province was Cilicia?,TURKEY (South)
E000519,What province was Thracia?,BULGARIA/GREECE
E000520,What province was Macedonia?,GREECE (North)
E000521,What province was Achaea?,GREECE (South)
E000522,What province was Epirus?,ALBANIA/GREECE
E000523,What province was Dalmatia?,CROATIA
E000524,What province was Pannonia?,HUNGARY/AUSTRIA
E000525,What province was Noricum?,AUSTRIA
E000526,What province was Raetia?,SWITZERLAND/GERMANY
E000527,What province was Mauretania?,MOROCCO/ALGERIA
E000528,What province was Numidia?,ALGERIA
E000529,What province was Africa Proconsularis?,TUNISIA
E000530,What province was Cyrenaica?,LIBYA
E000531,What island was Sicilia?,SICILY
E000532,What island was Sardinia?,SARDINIA
E000533,What island was Corsica?,CORSICA
E000534,What island was Creta?,CRETE
E000535,What island was Cyprus?,CYPRUS
E000536,Who was the first Christian emperor?,CONSTANTINE
E000537,Who was the last pagan emperor?,JULIAN
E000538,Who made Christianity the state religion?,THEODOSIUS I
E000539,Who issued the Edict of Milan?,CONSTANTINE AND LICINIUS
E000540,Who issued the Edict of Toleration (311)?,GALERIUS
E000541,Who persecuted Christians after the Fire of Rome?,NERO
E000542,Who persecuted Christians in 250 AD?,DECIUS
E000543,Who persecuted Christians in 257 AD?,VALERIAN
E000544,Who launched the Great Persecution in 303 AD?,DIOCLETIAN
E000545,Who ended the persecution in the West (306)?,CONSTANTINE
E000546,Who was the first bishop of Rome?,PETER
E000547,Who was the bishop of Rome under Constantine?,SYLVESTER
E000548,Who was the bishop of Milan under Theodosius?,AMBROSE
E000549,Who was the architect of Hagia Sophia?,ANTHEMIUS AND ISIDORE
E000550,Who was the heretic condemned at Nicaea?,ARIUS
E000551,Who was the mother of Augustine?,MONICA
E000552,Who was the patron saint of Milan?,AMBROSE
E000553,Who was the translator of the Vulgate?,JEROME
E000554,Who was the author of City of God?,AUGUSTINE
E000555,Who was the historian of the late empire (pagan)?,AMMIANUS MARCELLINUS
E000556,Who was the historian of the Twelve Caesars?,SUETONIUS
E000557,Who was the historian of the Annals and Histories?,TACITUS
E000558,Who was the historian of the Jewish Wars?,JOSEPHUS
E000559,Who was the historian of the Gothic Wars?,PROCOPIUS
E000560,Who was the poet exiled by Augustus?,OVID
E000561,Who was the poet of the Aeneid?,VIRGIL
E000562,Who was the poet of the Odes?,HORACE
E000563,Who was the satirist under Domitian/Trajan?,JUVENAL
E000564,Who was the epigrammatist under Domitian?,MARTIAL
E000565,Who was the tutor of Marcus Aurelius?,FRONTO
E000566,Who was the doctor of Marcus Aurelius?,GALEN
E000567,Who was the architect of the Pantheon (original)?,AGRIPPA
E000568,Who was the architect of the Pantheon (rebuild)?,APOLLODORUS OF DAMASCUS (likely)
E000569,Who was the architect of Trajan's Forum?,APOLLODORUS OF DAMASCUS
E000570,Who was the architect of the Domus Aurea?,SEVERUS AND CELER
E000571,Defeated near Aquileia> which usurper committed suicide after Theodosius I's victory in 394 AD?,ARBOGAST (or EUGENIUS)
E000572,In 9 AD> which brother of Tiberius died in Germany after falling from his horse?,DRUSUS I
E000573,Born at Italica> who was the first Roman emperor of non-Italian origin?,TRAJAN
E000574,Who was the concubine of Antoninus Pius> a former slave of his wife Faustina?,GALERIA LYSISTRATE
E000575,Fought in 378 AD> in which battle was the Emperor Valens killed by the Goths?,ADRIANOPLE
E000576,Which emperor died of a burst blood vessel while angrily receiving an embassy of the Quadi?,VALENTINIAN I
E000577,What was the name of the Prætorian Præfect who assassinated Caracalla and succeeded him?,MACRINUS
E000578,Who was the wife of the Emperor Septimius Severus and mother of Caracalla?,JULIA DOMNA
E000579,Which emperor celebrated the 1000th anniversary of Rome’s foundation with secular games?,PHILIP THE ARAB
E000580,Who was the Thracian peasant who became emperor after the murder of Alexander Severus?,MAXIMINUS THRAX
E000581,Which Roman jurist was executed by Caracalla for refusing to justify the murder of Geta?,PAPINIAN
E000582,Who was the sister of the emperors Arcadius and Honorius?,GALLA PLACIDIA
E000583,In 410 AD> which Visigothic king sacked the city of Rome?,ALARIC
E000584,Which emperor died at Eboracum (York) in 211 AD?,SEPTIMIUS SEVERUS
E000585,Who was the only senator to refuse to attend the spectacles where Commodus fought as a gladiator?,CLAUDIUS POMPEIANUS
E000586,Which gladiator name did Commodus inscribe on his statues?,PAULUS
E000587,Who was the Phrygian freedman and favorite of Commodus who sold public offices?,CLEANDER
E000588,Which emperor restored the Odeum at Athens and was a rival of the sophists?,HERODES ATTICUS (or his father ATTICUS)
E000589,Who purchased the Roman Empire at an auction held by the Prætorian Guard in 193 AD?,DIDIUS JULIANUS
E000590,Which Roman general defeated Attila the Hun at the Battle of the Catalaunian Plains?,AETIUS
E000591,Who was the father-in-law of Didius Julianus who also bid for the empire?,SULPICIANUS
E000592,Which emperor wrote the satire Misopogon (Beard-Hater)?,JULIAN (THE APOSTATE)
E000593,Who was the wife of the Emperor Gallus> described as an "infernal fury" by Ammianus?,CONSTANTINA
E000594,Which emperor was captured by the Persian King Sapor I?,VALERIAN
E000595,Who was the brother of the emperor Claudius Gothicus> who reigned for only a few days/months?,QUINTILIUS
E000596,What city was the capital of the Gallic Empire established by Postumus?,COLOGNE (COLONIA AGRIPPINA)
E000597,Who was the wife of the Emperor Justinian?,THEODORA
E000598,Which emperor died of the plague at Sirmium in 270 AD?,CLAUDIUS II (GOTHICUS)
E000599,Who was the last emperor of the Western Roman Empire> deposed in 476 AD?,ROMULUS AUGUSTULUS
E000600,Which emperor officially banned public pagan worship in 391 and 392 AD?,THEODOSIUS I
E000601,Who was the barbarian general who deposed Romulus Augustulus?,ODOACER
E000602,Which emperor was known as Restitutor Orbis (Restorer of the World)?,AURELIAN
E000603,Who was the first wife of Valentinian I and mother of Gratian?,SEVERA
E000604,Which emperor built a defensive wall in Scotland north of Hadrian's Wall?,ANTONINUS PIUS
E000605,In 312 AD> at which battle did Constantine defeat Maxentius?,MILVIAN BRIDGE (or SAXA RUBRA)
E000606,Who was the master of offices that insulted the Alemanni ambassadors> leading to Valentinian I's rage?,URSACIUS
E000607,What was the name of the soldier who led a band of robbers and planned to murder Commodus during the festival of Cybele?,MATERNUS
E000608,Which emperor was nicknamed "Caracalla" due to a Gallic tunic he wore?,BASSIANUS (or MARCUS AURELIUS ANTONINUS)
E000609,Who was the younger brother of Constantine the Great's father> whose grandsons were Gallus and Julian?,JULIUS CONSTANTIUS
E000610,Which emperor commissioned the lawyer Ulpian?,ALEXANDER SEVERUS
E000611,Who was the Pannonian general who succeeded Julian the Apostate?,JOVIAN
E000612,Which emperor's daughter> Eudoxia> married Valentinian III?,THEODOSIUS II
E000613,Who was the father of the emperor Otho?,LUCIUS OTHO
E000614,In 23 BC> Augustus received which power that gave him the authority of a tribune?,TRIBUNICIA POTESTAS
E000615,Which emperor was born at Lyon (Lugdunum) on the day his father Drusus dedicated an altar to Augustus?,CLAUDIUS
E000616,Who assassinated the Emperor Domitian?,STEPHANUS
E000617,Which emperor defeated the usurpers Ingenuus and Regalianus?,GALLIENUS
E000618,Who was the mother of the emperor Nero?,AGRIPPINA THE YOUNGER
E000619,Which emperor died at Nola on August 19> 14 AD?,AUGUSTUS
E000620,Who commanded the Praetorian Guard during the reign of Tiberius?,SEJANUS
E000621,Defeated near Placentia> which barbarian tribe did Aurelian eventually crush at the battles of Fano and Pavia?,ALEMANNI (or ALAMANNI)
E000622,Which emperor was known as "the Apostate" because he renounced Christianity?,JULIAN
E000623,Who was the wife of the emperor Septimius Severus> known for her patronage of the arts and philosophy?,JULIA DOMNA
E000624,Which emperor> born at Italica> was the first of non-Italian origin?,TRAJAN
E000625,In 378 AD> at which battle were the Romans disastrously defeated by the Goths> leading to the death of Emperor Valens?,ADRIANOPLE
E000626,Which emperor celebrated the 1000th anniversary of Rome's foundation with secular games?,PHILIP THE ARAB
E000627,Who was the Roman general who defeated Attila the Hun at the Battle of the Catalaunian Plains?,AETIUS
E000628,Which emperor was captured by the Persian King Sapor I and died in captivity?,VALERIAN
E000629,Who was the sister of the emperors Arcadius and Honorius> who ruled as regent for her son Valentinian III?,GALLA PLACIDIA
E000630,Which emperor built a defensive wall in Scotland> north of Hadrian's Wall?,ANTONINUS PIUS
E000631,In 312 AD> at which battle did Constantine defeat Maxentius> reportedly after seeing a vision of the cross?,MILVIAN BRIDGE (or SAXA RUBRA)
E000632,Which emperor was nicknamed "Caracalla" after a type of Gallic tunic he wore?,BASSIANUS (or MARCUS AURELIUS ANTONINUS)
E000633,Who was the last emperor of the Western Roman Empire> deposed in 476 AD?,ROMULUS AUGUSTULUS
E000634,Which emperor officially banned public pagan worship in 391 and 392 AD?,THEODOSIUS I (THE GREAT)
E000635,Who was the barbarian general who deposed Romulus Augustulus and became King of Italy?,ODOACER
E000636,Which emperor was known as Restitutor Orbis (Restorer of the World) for reuniting the empire?,AURELIAN
E000637,Who was the first wife of Valentinian I and the mother of the emperor Gratian?,SEVERA
E000638,Which emperor commissioned the famous jurist Ulpian?,ALEXANDER SEVERUS
E000639,Who was the Pannonian general and emperor who succeeded Julian the Apostate?,JOVIAN
E000640,Which emperor's daughter> Eudoxia> married Valentinian III?,THEODOSIUS II
E000641,Who was the father of the emperor Otho?,LUCIUS OTHO
E000642,In 23 BC> Augustus received which power that gave him the authority of a tribune?,TRIBUNICIA POTESTAS
E000643,Which emperor was born at Lyon (Lugdunum) on the day his father Drusus dedicated an altar to Augustus?,CLAUDIUS
E000644,Who assassinated the Emperor Domitian?,STEPHANUS
E000645,Which emperor defeated the usurpers Ingenuus and Regalianus?,GALLIENUS
E000646,Who was the mother of the emperor Nero?,AGRIPPINA THE YOUNGER
E000647,Which emperor died at Nola on August 19> 14 AD?,AUGUSTUS
E000648,Who commanded the Praetorian Guard during the reign of Tiberius and was eventually executed for treason?,SEJANUS
E000649,Which emperor was the son of Vespasian and captured Jerusalem in 70 AD?,TITUS
E000650,Who was the wife of the Emperor Justinian> known for her influence and humble origins?,THEODORA
E000651,Which emperor died of the plague at Sirmium in 270 AD after a short but victorious reign?,CLAUDIUS II (GOTHICUS)
E000652,Who was the Thracian peasant who became emperor after the murder of Alexander Severus> known for his immense size?,MAXIMINUS THRAX
E000653,Which emperor> a rival of Septimius Severus> was supported by the legions in Britain?,CLODIUS ALBINUS
E000654,Who was the brother of the emperor Claudius Gothicus> who reigned for only a few days or months?,QUINTILIUS
E000655,What city was the capital of the Gallic Empire established by Postumus?,COLOGNE (COLONIA AGRIPPINA)
E000656,Which emperor was killed by the usurper Magnentius in 350 AD?,CONSTANS
E000657,Who was the younger brother of Constantine the Great's father> whose grandsons included the emperor Julian?,JULIUS CONSTANTIUS
E000658,Which emperor was a former shepherd who rose through the ranks to become emperor in 518 AD?,JUSTIN I
E000659,Who was the Vandal king who sacked Rome in 455 AD?,GENSERIC
E000660,Which emperor was the son of Marcus Aurelius and is known for his erratic behavior and participation in gladiatorial games?,COMMODUS
E000661,Who was the wife of the Emperor Trajan?,PLOTINA
E000662,Which emperor was the last of the Flavian dynasty?,DOMITIAN
E000663,Who was the Praetorian Prefect who assassinated Caracalla and briefly reigned as emperor?,MACRINUS
E000664,Which emperor divided the empire into the Tetrarchy (rule of four)?,DIOCLETIAN
E000665,Who was the mother of the emperor Constantine the Great> later canonized as a saint?,HELENA
E000666,Which emperor was defeated and killed by the Goths at the Battle of Abrittus in 251 AD?,DECIUS
E000667,Who was the emperor who reigned for only 87 days in 193 AD before being killed by the Praetorian Guard?,PERTINAX
E000668,Which emperor was known for his "Golden House" (Domus Aurea)?,NERO
E000669,Who was the sister of the emperor Commodus> implicated in a plot to assassinate him?,LUCILLA
E000670,Which emperor conquered Dacia and built a famous column in Rome to commemorate the victory?,TRAJAN
